Source URL (301 FROM),Destination URL (301 TO),Cluster,Bucket
https://www.samanportable.com/12m-office-containers-for-sale,https://www.samanportable.com/product-category/container-offices/,C4 Container Office,REDIRECT
https://www.samanportable.com/20-ft-container-office-layout-plans,https://www.samanportable.com/product-category/container-offices/,C4 Container Office,REDIRECT
https://www.samanportable.com/20ft-container-office-design,https://www.samanportable.com/product-category/container-offices/,C4 Container Office,REDIRECT
https://www.samanportable.com/20ft-container-office-price,https://www.samanportable.com/product-category/container-offices/,C4 Container Office,REDIRECT
https://www.samanportable.com/40-feet-office-container,https://www.samanportable.com/product-category/container-offices/,C4 Container Office,REDIRECT
https://www.samanportable.com/40-feet-office-container-price-full-breakdown-custom-options,https://www.samanportable.com/product-category/container-offices/,C4 Container Office,REDIRECT
https://www.samanportable.com/40-ft-container-office-design,https://www.samanportable.com/product-category/container-offices/,C4 Container Office,REDIRECT
https://www.samanportable.com/40-ft-container-office-layout-plans,https://www.samanportable.com/product-category/container-offices/,C4 Container Office,REDIRECT
https://www.samanportable.com/buy-preowned-container-offices,https://www.samanportable.com/product-category/container-offices/,C4 Container Office,REDIRECT
https://www.samanportable.com/cabin-container-office,https://www.samanportable.com/product-category/container-offices/,C4 Container Office,REDIRECT
https://www.samanportable.com/container-for-office-purpose,https://www.samanportable.com/product-category/container-offices/,C4 Container Office,REDIRECT
https://www.samanportable.com/container-homes-offices,https://www.samanportable.com/product-category/container-offices/,C4 Container Office,REDIRECT
https://www.samanportable.com/container-house-office,https://www.samanportable.com/product-category/container-offices/,C4 Container Office,REDIRECT
https://www.samanportable.com/container-office-builders,https://www.samanportable.com/product-category/container-offices/,C4 Container Office,REDIRECT
https://www.samanportable.com/container-office-buildings-cost-effective-unique-sustainable,https://www.samanportable.com/product-category/container-offices/,C4 Container Office,REDIRECT
https://www.samanportable.com/container-office-costs-factors,https://www.samanportable.com/product-category/container-offices/,C4 Container Office,REDIRECT
https://www.samanportable.com/container-office-customization-options,https://www.samanportable.com/product-category/container-offices/,C4 Container Office,REDIRECT
https://www.samanportable.com/container-office-designs-2024,https://www.samanportable.com/product-category/container-offices/,C4 Container Office,REDIRECT
https://www.samanportable.com/container-office-designs-and-plans,https://www.samanportable.com/product-category/container-offices/,C4 Container Office,REDIRECT
https://www.samanportable.com/container-office-designs-ideas,https://www.samanportable.com/product-category/container-offices/,C4 Container Office,REDIRECT
https://www.samanportable.com/container-office-for-sale,https://www.samanportable.com/product-category/container-offices/,C4 Container Office,REDIRECT
https://www.samanportable.com/container-office-interior-design,https://www.samanportable.com/product-category/container-offices/,C4 Container Office,REDIRECT
https://www.samanportable.com/container-office-layout-plans,https://www.samanportable.com/product-category/container-offices/,C4 Container Office,REDIRECT
https://www.samanportable.com/container-office-plans,https://www.samanportable.com/product-category/container-offices/,C4 Container Office,REDIRECT
https://www.samanportable.com/container-office-space-design,https://www.samanportable.com/product-category/container-offices/,C4 Container Office,REDIRECT
https://www.samanportable.com/container-offices-for-sale-in-basavanagudi,https://www.samanportable.com/product-category/container-offices/,C4 Container Office,REDIRECT
https://www.samanportable.com/container-offices-for-sale-in-mg-road,https://www.samanportable.com/product-category/container-offices/,C4 Container Office,REDIRECT
https://www.samanportable.com/container-sales-office,https://www.samanportable.com/product-category/container-offices/,C4 Container Office,REDIRECT
https://www.samanportable.com/containerized-offices-are-big-thing,https://www.samanportable.com/product-category/container-offices/,C4 Container Office,REDIRECT
https://www.samanportable.com/containers-as-offices,https://www.samanportable.com/product-category/container-offices/,C4 Container Office,REDIRECT
https://www.samanportable.com/containers-for-office,https://www.samanportable.com/product-category/container-offices/,C4 Container Office,REDIRECT
https://www.samanportable.com/innovative-design-in-site-office-containers,https://www.samanportable.com/product-category/container-offices/,C4 Container Office,REDIRECT
https://www.samanportable.com/innovative-office-container-designs,https://www.samanportable.com/product-category/container-offices/,C4 Container Office,REDIRECT
https://www.samanportable.com/innovative-office-container-designs-2,https://www.samanportable.com/product-category/container-offices/,C4 Container Office,REDIRECT
https://www.samanportable.com/mobile-office-container-for-sale,https://www.samanportable.com/product-category/container-offices/,C4 Container Office,REDIRECT
https://www.samanportable.com/mobile-office-container-prices,https://www.samanportable.com/product-category/container-offices/,C4 Container Office,REDIRECT
https://www.samanportable.com/mobile-office-containers-for-rent,https://www.samanportable.com/product-category/container-offices/,C4 Container Office,REDIRECT
https://www.samanportable.com/modern-container-office-for-sale,https://www.samanportable.com/product-category/container-offices/,C4 Container Office,REDIRECT
https://www.samanportable.com/modern-shipping-container-office,https://www.samanportable.com/product-category/container-offices/,C4 Container Office,REDIRECT
https://www.samanportable.com/office-cabin-container,https://www.samanportable.com/product-category/container-offices/,C4 Container Office,REDIRECT
https://www.samanportable.com/office-container-10-feet,https://www.samanportable.com/product-category/container-offices/,C4 Container Office,REDIRECT
https://www.samanportable.com/office-container-20ft,https://www.samanportable.com/product-category/container-offices/,C4 Container Office,REDIRECT
https://www.samanportable.com/office-container-for-sale,https://www.samanportable.com/product-category/container-offices/,C4 Container Office,REDIRECT
https://www.samanportable.com/office-container-manufacturers-in-2024,https://www.samanportable.com/product-category/container-offices/,C4 Container Office,REDIRECT
https://www.samanportable.com/office-container-second-hand,https://www.samanportable.com/product-category/container-offices/,C4 Container Office,REDIRECT
https://www.samanportable.com/office-container-solutions-guide-2024,https://www.samanportable.com/product-category/container-offices/,C4 Container Office,REDIRECT
https://www.samanportable.com/office-containers-comprehensive-guide-2024,https://www.samanportable.com/product-category/container-offices/,C4 Container Office,REDIRECT
https://www.samanportable.com/office-containers-on-rent-prices-features,https://www.samanportable.com/product-category/container-offices/,C4 Container Office,REDIRECT
https://www.samanportable.com/office-from-container,https://www.samanportable.com/product-category/container-offices/,C4 Container Office,REDIRECT
https://www.samanportable.com/office-made-out-of-shipping-containers,https://www.samanportable.com/product-category/container-offices/,C4 Container Office,REDIRECT
https://www.samanportable.com/prefabricated-office-container,https://www.samanportable.com/product-category/container-offices/,C4 Container Office,REDIRECT
https://www.samanportable.com/readymade-office-container,https://www.samanportable.com/product-category/container-offices/,C4 Container Office,REDIRECT
https://www.samanportable.com/shipping-container-office-interior,https://www.samanportable.com/product-category/container-offices/,C4 Container Office,REDIRECT
https://www.samanportable.com/shipping-container-office-layouts,https://www.samanportable.com/product-category/container-offices/,C4 Container Office,REDIRECT
https://www.samanportable.com/shipping-container-office-plans,https://www.samanportable.com/product-category/container-offices/,C4 Container Office,REDIRECT
https://www.samanportable.com/shipping-container-offices-for-sale,https://www.samanportable.com/product-category/container-offices/,C4 Container Office,REDIRECT
https://www.samanportable.com/site-office-container-prices,https://www.samanportable.com/product-category/container-offices/,C4 Container Office,REDIRECT
https://www.samanportable.com/steel-container-office-for-sale-built-tough-for-indian-conditions,https://www.samanportable.com/product-category/container-offices/,C4 Container Office,REDIRECT
https://www.samanportable.com/sustainable-container-offices-features,https://www.samanportable.com/product-category/container-offices/,C4 Container Office,REDIRECT
https://www.samanportable.com/tips-for-container-office,https://www.samanportable.com/product-category/container-offices/,C4 Container Office,REDIRECT
https://www.samanportable.com/top-10-container-office-designs,https://www.samanportable.com/product-category/container-offices/,C4 Container Office,REDIRECT
https://www.samanportable.com/top-office-container-suppliers,https://www.samanportable.com/product-category/container-offices/,C4 Container Office,REDIRECT
https://www.samanportable.com/cheap-porta-cabins-for-sale,https://www.samanportable.com/product-category/porta-cabins/,C1 Porta Cabin,MERGE
https://www.samanportable.com/10ft-portacabin,https://www.samanportable.com/product-category/porta-cabins/,C1 Porta Cabin,REDIRECT
https://www.samanportable.com/16-creative-uses-for-small-porta-cabins,https://www.samanportable.com/product-category/porta-cabins/,C1 Porta Cabin,REDIRECT
https://www.samanportable.com/20ft-porta-cabin,https://www.samanportable.com/product-category/porta-cabins/,C1 Porta Cabin,REDIRECT
https://www.samanportable.com/benefits-of-porta-cabins,https://www.samanportable.com/product-category/porta-cabins/,C1 Porta Cabin,REDIRECT
https://www.samanportable.com/bommasandra-porta-cabins,https://www.samanportable.com/product-category/porta-cabins/,C1 Porta Cabin,REDIRECT
https://www.samanportable.com/buy-porta-cabin-online-purchase-guide-2024,https://www.samanportable.com/product-category/porta-cabins/,C1 Porta Cabin,REDIRECT
https://www.samanportable.com/comprehensive-overview-porta-cabins,https://www.samanportable.com/product-category/porta-cabins/,C1 Porta Cabin,REDIRECT
https://www.samanportable.com/custom-porta-cabins,https://www.samanportable.com/product-category/porta-cabins/,C1 Porta Cabin,REDIRECT
https://www.samanportable.com/eco-friendly-porta-cabins,https://www.samanportable.com/product-category/porta-cabins/,C1 Porta Cabin,REDIRECT
https://www.samanportable.com/emergency-porta-cabins,https://www.samanportable.com/product-category/porta-cabins/,C1 Porta Cabin,REDIRECT
https://www.samanportable.com/find-the-best-porta-cabins-near-me,https://www.samanportable.com/product-category/porta-cabins/,C1 Porta Cabin,REDIRECT
https://www.samanportable.com/frp-porta-cabin,https://www.samanportable.com/product-category/porta-cabins/,C1 Porta Cabin,REDIRECT
https://www.samanportable.com/hoskote-porta-cabins,https://www.samanportable.com/product-category/porta-cabins/,C1 Porta Cabin,REDIRECT
https://www.samanportable.com/innovative-porta-cabin-designs,https://www.samanportable.com/product-category/porta-cabins/,C1 Porta Cabin,REDIRECT
https://www.samanportable.com/installing-porta-cabins,https://www.samanportable.com/product-category/porta-cabins/,C1 Porta Cabin,REDIRECT
https://www.samanportable.com/insulated-porta-cabin,https://www.samanportable.com/product-category/porta-cabins/,C1 Porta Cabin,REDIRECT
https://www.samanportable.com/kr-puram-porta-cabins,https://www.samanportable.com/product-category/porta-cabins/,C1 Porta Cabin,REDIRECT
https://www.samanportable.com/large-porta-cabin,https://www.samanportable.com/product-category/porta-cabins/,C1 Porta Cabin,REDIRECT
https://www.samanportable.com/luxury-office-porta-cabins-benefits,https://www.samanportable.com/product-category/porta-cabins/,C1 Porta Cabin,REDIRECT
https://www.samanportable.com/luxury-porta-cabins-your-portable-oasis-of-comfort-and-style,https://www.samanportable.com/product-category/porta-cabins/,C1 Porta Cabin,REDIRECT
https://www.samanportable.com/magadi-road-porta-cabins,https://www.samanportable.com/product-category/porta-cabins/,C1 Porta Cabin,REDIRECT
https://www.samanportable.com/mobile-porta-cabin,https://www.samanportable.com/product-category/porta-cabins/,C1 Porta Cabin,REDIRECT
https://www.samanportable.com/modern-porta-cabin,https://www.samanportable.com/product-category/porta-cabins/,C1 Porta Cabin,REDIRECT
https://www.samanportable.com/modular-porta-cabin,https://www.samanportable.com/product-category/porta-cabins/,C1 Porta Cabin,REDIRECT
https://www.samanportable.com/need-a-temporary-space-selecting-a-porta-cabin-manufacturer-and-supplier,https://www.samanportable.com/product-category/porta-cabins/,C1 Porta Cabin,REDIRECT
https://www.samanportable.com/office-porta-cabin-for-sale,https://www.samanportable.com/product-category/porta-cabins/,C1 Porta Cabin,REDIRECT
https://www.samanportable.com/perfect-porta-cabin,https://www.samanportable.com/product-category/porta-cabins/,C1 Porta Cabin,REDIRECT
https://www.samanportable.com/porta-cabin-applications,https://www.samanportable.com/product-category/porta-cabins/,C1 Porta Cabin,REDIRECT
https://www.samanportable.com/porta-cabin-bangalore,https://www.samanportable.com/product-category/porta-cabins/,C1 Porta Cabin,REDIRECT
https://www.samanportable.com/porta-cabin-bathroom,https://www.samanportable.com/product-category/porta-cabins/,C1 Porta Cabin,REDIRECT
https://www.samanportable.com/porta-cabin-case-studies,https://www.samanportable.com/product-category/porta-cabins/,C1 Porta Cabin,REDIRECT
https://www.samanportable.com/porta-cabin-cost,https://www.samanportable.com/product-category/porta-cabins/,C1 Porta Cabin,REDIRECT
https://www.samanportable.com/porta-cabin-cost-per-square-foot,https://www.samanportable.com/product-category/porta-cabins/,C1 Porta Cabin,REDIRECT
https://www.samanportable.com/porta-cabin-costs-2024-guide,https://www.samanportable.com/product-category/porta-cabins/,C1 Porta Cabin,REDIRECT
https://www.samanportable.com/porta-cabin-design,https://www.samanportable.com/product-category/porta-cabins/,C1 Porta Cabin,REDIRECT
https://www.samanportable.com/porta-cabin-designs-for-2024,https://www.samanportable.com/product-category/porta-cabins/,C1 Porta Cabin,REDIRECT
https://www.samanportable.com/porta-cabin-for-sale,https://www.samanportable.com/product-category/porta-cabins/,C1 Porta Cabin,REDIRECT
https://www.samanportable.com/porta-cabin-interiors,https://www.samanportable.com/product-category/porta-cabins/,C1 Porta Cabin,REDIRECT
https://www.samanportable.com/porta-cabin-is-the-best-option,https://www.samanportable.com/product-category/porta-cabins/,C1 Porta Cabin,REDIRECT
https://www.samanportable.com/porta-cabin-manufacturer,https://www.samanportable.com/product-category/porta-cabins/,C1 Porta Cabin,REDIRECT
https://www.samanportable.com/porta-cabin-materials,https://www.samanportable.com/product-category/porta-cabins/,C1 Porta Cabin,REDIRECT
https://www.samanportable.com/porta-cabin-office-with-toilet,https://www.samanportable.com/product-category/porta-cabins/,C1 Porta Cabin,REDIRECT
https://www.samanportable.com/porta-cabin-offices-for-sale,https://www.samanportable.com/product-category/porta-cabins/,C1 Porta Cabin,REDIRECT
https://www.samanportable.com/porta-cabin-on-terrace,https://www.samanportable.com/product-category/porta-cabins/,C1 Porta Cabin,REDIRECT
https://www.samanportable.com/porta-cabin-on-terrace-cost,https://www.samanportable.com/product-category/porta-cabins/,C1 Porta Cabin,REDIRECT
https://www.samanportable.com/porta-cabin-price-in-india,https://www.samanportable.com/product-category/porta-cabins/,C1 Porta Cabin,REDIRECT
https://www.samanportable.com/porta-cabin-price-list,https://www.samanportable.com/product-category/porta-cabins/,C1 Porta Cabin,REDIRECT
https://www.samanportable.com/porta-cabin-site-office,https://www.samanportable.com/product-category/porta-cabins/,C1 Porta Cabin,REDIRECT
https://www.samanportable.com/porta-cabin-solutions-guide-2024,https://www.samanportable.com/product-category/porta-cabins/,C1 Porta Cabin,REDIRECT
https://www.samanportable.com/porta-cabin-structure,https://www.samanportable.com/product-category/porta-cabins/,C1 Porta Cabin,REDIRECT
https://www.samanportable.com/porta-cabin-supplier-delhi-custom-solutions,https://www.samanportable.com/product-category/porta-cabins/,C1 Porta Cabin,REDIRECT
https://www.samanportable.com/porta-cabin-toilet-price,https://www.samanportable.com/product-category/porta-cabins/,C1 Porta Cabin,REDIRECT
https://www.samanportable.com/porta-cabins-for-construction-projects,https://www.samanportable.com/product-category/porta-cabins/,C1 Porta Cabin,REDIRECT
https://www.samanportable.com/porta-cabins-in-basavanagudi,https://www.samanportable.com/product-category/porta-cabins/,C1 Porta Cabin,REDIRECT
https://www.samanportable.com/porta-cabins-in-construction,https://www.samanportable.com/product-category/porta-cabins/,C1 Porta Cabin,REDIRECT
https://www.samanportable.com/porta-cabins-in-mg-road,https://www.samanportable.com/product-category/porta-cabins/,C1 Porta Cabin,REDIRECT
https://www.samanportable.com/porta-cabins-under-1-lakh,https://www.samanportable.com/product-category/porta-cabins/,C1 Porta Cabin,REDIRECT
https://www.samanportable.com/porta-cabins-under-2-lakhs,https://www.samanportable.com/product-category/porta-cabins/,C1 Porta Cabin,REDIRECT
https://www.samanportable.com/porta-cabins-under-3-lakhs,https://www.samanportable.com/product-category/porta-cabins/,C1 Porta Cabin,REDIRECT
https://www.samanportable.com/porta-cabins-under-4-lakhs,https://www.samanportable.com/product-category/porta-cabins/,C1 Porta Cabin,REDIRECT
https://www.samanportable.com/porta-cabins-under-5-lakhs,https://www.samanportable.com/product-category/porta-cabins/,C1 Porta Cabin,REDIRECT
https://www.samanportable.com/porta-cabins-under-6-lakhs,https://www.samanportable.com/product-category/porta-cabins/,C1 Porta Cabin,REDIRECT
https://www.samanportable.com/porta-cabins-vs-prefabs,https://www.samanportable.com/product-category/porta-cabins/,C1 Porta Cabin,REDIRECT
https://www.samanportable.com/porta-cabins-vs-traditional-buildings,https://www.samanportable.com/product-category/porta-cabins/,C1 Porta Cabin,REDIRECT
https://www.samanportable.com/portacabin-building,https://www.samanportable.com/product-category/porta-cabins/,C1 Porta Cabin,REDIRECT
https://www.samanportable.com/portacabin-classroom,https://www.samanportable.com/product-category/porta-cabins/,C1 Porta Cabin,REDIRECT
https://www.samanportable.com/portacabin-classroom-2,https://www.samanportable.com/product-category/porta-cabins/,C1 Porta Cabin,REDIRECT
https://www.samanportable.com/portacabin-construction,https://www.samanportable.com/product-category/porta-cabins/,C1 Porta Cabin,REDIRECT
https://www.samanportable.com/portacabin-vs-traditional-building,https://www.samanportable.com/product-category/porta-cabins/,C1 Porta Cabin,REDIRECT
https://www.samanportable.com/portacabins-for-sale,https://www.samanportable.com/product-category/porta-cabins/,C1 Porta Cabin,REDIRECT
https://www.samanportable.com/portacabins-for-sale-in-basavanagudi,https://www.samanportable.com/product-category/porta-cabins/,C1 Porta Cabin,REDIRECT
https://www.samanportable.com/portacabins-for-sale-in-mg-road,https://www.samanportable.com/product-category/porta-cabins/,C1 Porta Cabin,REDIRECT
https://www.samanportable.com/prefab-porta-cabin-10-innovative-designs,https://www.samanportable.com/product-category/porta-cabins/,C1 Porta Cabin,REDIRECT
https://www.samanportable.com/quality-portacabins-for-sale-new-used-buildings,https://www.samanportable.com/product-category/porta-cabins/,C1 Porta Cabin,REDIRECT
https://www.samanportable.com/remote-porta-cabins,https://www.samanportable.com/product-category/porta-cabins/,C1 Porta Cabin,REDIRECT
https://www.samanportable.com/rent-vs-buy-porta-cabins,https://www.samanportable.com/product-category/porta-cabins/,C1 Porta Cabin,REDIRECT
https://www.samanportable.com/security-porta-cabin,https://www.samanportable.com/product-category/porta-cabins/,C1 Porta Cabin,REDIRECT
https://www.samanportable.com/small-modular-porta-cabins-benefits,https://www.samanportable.com/product-category/porta-cabins/,C1 Porta Cabin,REDIRECT
https://www.samanportable.com/sustainable-porta-cabins,https://www.samanportable.com/product-category/porta-cabins/,C1 Porta Cabin,REDIRECT
https://www.samanportable.com/the-rise-of-portacabin-offices,https://www.samanportable.com/product-category/porta-cabins/,C1 Porta Cabin,REDIRECT
https://www.samanportable.com/the-versatility-of-portacabins-as-prefabricated-site-offices,https://www.samanportable.com/product-category/porta-cabins/,C1 Porta Cabin,REDIRECT
https://www.samanportable.com/top-7-uses-for-porta-cabins,https://www.samanportable.com/product-category/porta-cabins/,C1 Porta Cabin,REDIRECT
https://www.samanportable.com/unveiling-the-transformative-world-of-modular-porta-cabins,https://www.samanportable.com/product-category/porta-cabins/,C1 Porta Cabin,REDIRECT
https://www.samanportable.com/used-porta-cabins,https://www.samanportable.com/product-category/porta-cabins/,C1 Porta Cabin,REDIRECT
https://www.samanportable.com/used-portacabin-for-sale-porta-cabin-office-second-hand-portacabin,https://www.samanportable.com/product-category/porta-cabins/,C1 Porta Cabin,REDIRECT
https://www.samanportable.com/uses-of-porta-cabins,https://www.samanportable.com/product-category/porta-cabins/,C1 Porta Cabin,REDIRECT
https://www.samanportable.com/10-advantages-prefabricated-labor-colonies,https://www.samanportable.com/product-category/labor-colony/,C6 Labor Colony,REDIRECT
https://www.samanportable.com/10-essential-features-labor-accommodations,https://www.samanportable.com/product-category/labor-colony/,C6 Labor Colony,REDIRECT
https://www.samanportable.com/6-benefits-of-prefab-labor-colonies,https://www.samanportable.com/product-category/labor-colony/,C6 Labor Colony,REDIRECT
https://www.samanportable.com/benefits-and-applications-of-modern-prefab-labour-colonies,https://www.samanportable.com/product-category/labor-colony/,C6 Labor Colony,REDIRECT
https://www.samanportable.com/innovative-labor-colony,https://www.samanportable.com/product-category/labor-colony/,C6 Labor Colony,REDIRECT
https://www.samanportable.com/labor-hutments-vs-traditional-housing,https://www.samanportable.com/product-category/labor-colony/,C6 Labor Colony,REDIRECT
https://www.samanportable.com/modular-labour-hutments-solutions,https://www.samanportable.com/product-category/labor-colony/,C6 Labor Colony,REDIRECT
https://www.samanportable.com/2-story-portable-cabins-affordable-solutions,https://www.samanportable.com/product-category/portable-cabin/,C2 Portable Cabin,REDIRECT
https://www.samanportable.com/cabin-styles,https://www.samanportable.com/product-category/portable-cabin/,C2 Portable Cabin,REDIRECT
https://www.samanportable.com/cabins-on-wheels-benefits-and-options,https://www.samanportable.com/product-category/portable-cabin/,C2 Portable Cabin,REDIRECT
https://www.samanportable.com/cabins-portable-features-benefits-overview,https://www.samanportable.com/product-category/portable-cabin/,C2 Portable Cabin,REDIRECT
https://www.samanportable.com/contemporary-cabin-design,https://www.samanportable.com/product-category/portable-cabin/,C2 Portable Cabin,REDIRECT
https://www.samanportable.com/cost-of-portable-cabins-guide-2024,https://www.samanportable.com/product-category/portable-cabin/,C2 Portable Cabin,REDIRECT
https://www.samanportable.com/creative-portable-cabin,https://www.samanportable.com/product-category/portable-cabin/,C2 Portable Cabin,REDIRECT
https://www.samanportable.com/custom-portable-cabins,https://www.samanportable.com/product-category/portable-cabin/,C2 Portable Cabin,REDIRECT
https://www.samanportable.com/custom-portable-cabins-manufacturer,https://www.samanportable.com/product-category/portable-cabin/,C2 Portable Cabin,REDIRECT
https://www.samanportable.com/designs-and-plans-of-portable-cabins,https://www.samanportable.com/product-category/portable-cabin/,C2 Portable Cabin,REDIRECT
https://www.samanportable.com/dimensions-of-portable-cabins,https://www.samanportable.com/product-category/portable-cabin/,C2 Portable Cabin,REDIRECT
https://www.samanportable.com/eco-friendly-portable-cabins-delhi,https://www.samanportable.com/product-category/portable-cabin/,C2 Portable Cabin,REDIRECT
https://www.samanportable.com/elegant-rustic-cabins,https://www.samanportable.com/product-category/portable-cabin/,C2 Portable Cabin,REDIRECT
https://www.samanportable.com/frp-cabin-price,https://www.samanportable.com/product-category/portable-cabin/,C2 Portable Cabin,REDIRECT
https://www.samanportable.com/gi-portable-cabin,https://www.samanportable.com/product-category/portable-cabin/,C2 Portable Cabin,REDIRECT
https://www.samanportable.com/here-is-why-you-should-own-a-portable-cabin,https://www.samanportable.com/product-category/portable-cabin/,C2 Portable Cabin,REDIRECT
https://www.samanportable.com/indian-portable-cabins,https://www.samanportable.com/product-category/portable-cabin/,C2 Portable Cabin,REDIRECT
https://www.samanportable.com/insulated-portable-cabin,https://www.samanportable.com/product-category/portable-cabin/,C2 Portable Cabin,REDIRECT
https://www.samanportable.com/is-portable-cabins-useful-for-a-project,https://www.samanportable.com/product-category/portable-cabin/,C2 Portable Cabin,REDIRECT
https://www.samanportable.com/luxury-portable-cabins-for-sale,https://www.samanportable.com/product-category/portable-cabin/,C2 Portable Cabin,REDIRECT
https://www.samanportable.com/metal-portable-cabin,https://www.samanportable.com/product-category/portable-cabin/,C2 Portable Cabin,REDIRECT
https://www.samanportable.com/mini-portable-cabins,https://www.samanportable.com/product-category/portable-cabin/,C2 Portable Cabin,REDIRECT
https://www.samanportable.com/mobile-cabin-for-sale,https://www.samanportable.com/product-category/portable-cabin/,C2 Portable Cabin,REDIRECT
https://www.samanportable.com/mobile-cabins-for-rent,https://www.samanportable.com/product-category/portable-cabin/,C2 Portable Cabin,REDIRECT
https://www.samanportable.com/modern-cabin-house,https://www.samanportable.com/product-category/portable-cabin/,C2 Portable Cabin,REDIRECT
https://www.samanportable.com/modern-cabin-styles,https://www.samanportable.com/product-category/portable-cabin/,C2 Portable Cabin,REDIRECT
https://www.samanportable.com/modern-cabins,https://www.samanportable.com/product-category/portable-cabin/,C2 Portable Cabin,REDIRECT
https://www.samanportable.com/modern-portable-cabins,https://www.samanportable.com/product-category/portable-cabin/,C2 Portable Cabin,REDIRECT
https://www.samanportable.com/ms-portable-cabin-for-sale,https://www.samanportable.com/product-category/portable-cabin/,C2 Portable Cabin,REDIRECT
https://www.samanportable.com/pop-up-cabin-benefits-flexible-affordable,https://www.samanportable.com/product-category/portable-cabin/,C2 Portable Cabin,REDIRECT
https://www.samanportable.com/portable-cabin-designs,https://www.samanportable.com/product-category/portable-cabin/,C2 Portable Cabin,REDIRECT
https://www.samanportable.com/portable-cabin-for-construction-sites,https://www.samanportable.com/product-category/portable-cabin/,C2 Portable Cabin,REDIRECT
https://www.samanportable.com/portable-cabin-installation-services,https://www.samanportable.com/product-category/portable-cabin/,C2 Portable Cabin,REDIRECT
https://www.samanportable.com/portable-cabin-price-2024-guide,https://www.samanportable.com/product-category/portable-cabin/,C2 Portable Cabin,REDIRECT
https://www.samanportable.com/portable-cabin-price-in-india,https://www.samanportable.com/product-category/portable-cabin/,C2 Portable Cabin,REDIRECT
https://www.samanportable.com/portable-cabin-second-hand,https://www.samanportable.com/product-category/portable-cabin/,C2 Portable Cabin,REDIRECT
https://www.samanportable.com/portable-cabin-solutions,https://www.samanportable.com/product-category/portable-cabin/,C2 Portable Cabin,REDIRECT
https://www.samanportable.com/portable-cabin-with-bathroom,https://www.samanportable.com/product-category/portable-cabin/,C2 Portable Cabin,REDIRECT
https://www.samanportable.com/portable-cabins-advantages,https://www.samanportable.com/product-category/portable-cabin/,C2 Portable Cabin,REDIRECT
https://www.samanportable.com/portable-cabins-for-office-use,https://www.samanportable.com/product-category/portable-cabin/,C2 Portable Cabin,REDIRECT
https://www.samanportable.com/portable-cabins-in-basavanagudi,https://www.samanportable.com/product-category/portable-cabin/,C2 Portable Cabin,REDIRECT
https://www.samanportable.com/portable-healthcare-cabins,https://www.samanportable.com/product-category/portable-cabin/,C2 Portable Cabin,REDIRECT
https://www.samanportable.com/portable-site-cabins,https://www.samanportable.com/product-category/portable-cabin/,C2 Portable Cabin,REDIRECT
https://www.samanportable.com/portable-site-cabins-2,https://www.samanportable.com/product-category/portable-cabin/,C2 Portable Cabin,REDIRECT
https://www.samanportable.com/pre-built-cabins,https://www.samanportable.com/product-category/portable-cabin/,C2 Portable Cabin,REDIRECT
https://www.samanportable.com/pre-built-small-cabins,https://www.samanportable.com/product-category/portable-cabin/,C2 Portable Cabin,REDIRECT
https://www.samanportable.com/prefabricated-portable-cabins-in-2024,https://www.samanportable.com/product-category/portable-cabin/,C2 Portable Cabin,REDIRECT
https://www.samanportable.com/prefabricated-portable-cabins-india,https://www.samanportable.com/product-category/portable-cabin/,C2 Portable Cabin,REDIRECT
https://www.samanportable.com/price-difference-of-portable-cabins-in-metro-cities,https://www.samanportable.com/product-category/portable-cabin/,C2 Portable Cabin,REDIRECT
https://www.samanportable.com/quick-cabins,https://www.samanportable.com/product-category/portable-cabin/,C2 Portable Cabin,REDIRECT
https://www.samanportable.com/readymade-bathroom-cabin,https://www.samanportable.com/product-category/portable-cabin/,C2 Portable Cabin,REDIRECT
https://www.samanportable.com/site-preparation-for-portable-cabins,https://www.samanportable.com/product-category/portable-cabin/,C2 Portable Cabin,REDIRECT
https://www.samanportable.com/small-cabin-design-tips,https://www.samanportable.com/product-category/portable-cabin/,C2 Portable Cabin,REDIRECT
https://www.samanportable.com/small-cabin-pictures-inspiration,https://www.samanportable.com/product-category/portable-cabin/,C2 Portable Cabin,REDIRECT
https://www.samanportable.com/small-mobile-cabins,https://www.samanportable.com/product-category/portable-cabin/,C2 Portable Cabin,REDIRECT
https://www.samanportable.com/small-modern-cabins,https://www.samanportable.com/product-category/portable-cabin/,C2 Portable Cabin,REDIRECT
https://www.samanportable.com/small-wood-cabin-benefits-features,https://www.samanportable.com/product-category/portable-cabin/,C2 Portable Cabin,REDIRECT
https://www.samanportable.com/stay-in-cabins,https://www.samanportable.com/product-category/portable-cabin/,C2 Portable Cabin,REDIRECT
https://www.samanportable.com/styles-of-cabins,https://www.samanportable.com/product-category/portable-cabin/,C2 Portable Cabin,REDIRECT
https://www.samanportable.com/sustainable-portable-cabin-solutions,https://www.samanportable.com/product-category/portable-cabin/,C2 Portable Cabin,REDIRECT
https://www.samanportable.com/temporary-site-cabins,https://www.samanportable.com/product-category/portable-cabin/,C2 Portable Cabin,REDIRECT
https://www.samanportable.com/temporary-toilet-cabin,https://www.samanportable.com/product-category/portable-cabin/,C2 Portable Cabin,REDIRECT
https://www.samanportable.com/tiny-cabin-homes-overview-and-benefits,https://www.samanportable.com/product-category/portable-cabin/,C2 Portable Cabin,REDIRECT
https://www.samanportable.com/tiny-wood-cabins-sustainable-living-options,https://www.samanportable.com/product-category/portable-cabin/,C2 Portable Cabin,REDIRECT
https://www.samanportable.com/top-8-designs-of-prefab-portable-cabins,https://www.samanportable.com/product-category/portable-cabin/,C2 Portable Cabin,REDIRECT
https://www.samanportable.com/top-portable-cabin-supplier,https://www.samanportable.com/product-category/portable-cabin/,C2 Portable Cabin,REDIRECT
https://www.samanportable.com/top-portable-cabins-for-your-needs,https://www.samanportable.com/product-category/portable-cabin/,C2 Portable Cabin,REDIRECT
https://www.samanportable.com/types-of-portable-cabins,https://www.samanportable.com/product-category/portable-cabin/,C2 Portable Cabin,REDIRECT
https://www.samanportable.com/types-of-portable-cabins-guide-2024,https://www.samanportable.com/product-category/portable-cabin/,C2 Portable Cabin,REDIRECT
https://www.samanportable.com/used-portable-cabin-delhi,https://www.samanportable.com/product-category/portable-cabin/,C2 Portable Cabin,REDIRECT
https://www.samanportable.com/competitive-prices-for-preloved-office-modules,https://www.samanportable.com/product-category/portable-office/,C3 Portable Office,MERGE
https://www.samanportable.com/sleek-prefab-office-cabins-ncr,https://www.samanportable.com/product-category/portable-office/,C3 Portable Office,MERGE
https://www.samanportable.com/eco-friendly-office-cabin-options,https://www.samanportable.com/product-category/portable-office/,C3 Portable Office,REDIRECT
https://www.samanportable.com/fabricated-office-cabin,https://www.samanportable.com/product-category/portable-office/,C3 Portable Office,REDIRECT
https://www.samanportable.com/guard-room-secure-portable-office-cabin,https://www.samanportable.com/product-category/portable-office/,C3 Portable Office,REDIRECT
https://www.samanportable.com/know-readymade-house-and-office,https://www.samanportable.com/product-category/portable-office/,C3 Portable Office,REDIRECT
https://www.samanportable.com/luxurious-office-cabin-designs,https://www.samanportable.com/product-category/portable-office/,C3 Portable Office,REDIRECT
https://www.samanportable.com/mobile-office-cabin,https://www.samanportable.com/product-category/portable-office/,C3 Portable Office,REDIRECT
https://www.samanportable.com/movable-office-cabin,https://www.samanportable.com/product-category/portable-office/,C3 Portable Office,REDIRECT
https://www.samanportable.com/pop-up-site-offices,https://www.samanportable.com/product-category/portable-office/,C3 Portable Office,REDIRECT
https://www.samanportable.com/porta-office-cabin-price,https://www.samanportable.com/product-category/portable-office/,C3 Portable Office,REDIRECT
https://www.samanportable.com/portable-office-cabin-for-home,https://www.samanportable.com/product-category/portable-office/,C3 Portable Office,REDIRECT
https://www.samanportable.com/portable-office-cabin-price,https://www.samanportable.com/product-category/portable-office/,C3 Portable Office,REDIRECT
https://www.samanportable.com/portable-office-cabin-with-toilet,https://www.samanportable.com/product-category/portable-office/,C3 Portable Office,REDIRECT
https://www.samanportable.com/portable-office-price,https://www.samanportable.com/product-category/portable-office/,C3 Portable Office,REDIRECT
https://www.samanportable.com/portable-office-toilet,https://www.samanportable.com/product-category/portable-office/,C3 Portable Office,REDIRECT
https://www.samanportable.com/portable-office-work-tables-for-cabins,https://www.samanportable.com/product-category/portable-office/,C3 Portable Office,REDIRECT
https://www.samanportable.com/readymade-furniture-for-office-benefits,https://www.samanportable.com/product-category/portable-office/,C3 Portable Office,REDIRECT
https://www.samanportable.com/readymade-office-cabin-price,https://www.samanportable.com/product-category/portable-office/,C3 Portable Office,REDIRECT
https://www.samanportable.com/readymade-site-office-cabins,https://www.samanportable.com/product-category/portable-office/,C3 Portable Office,REDIRECT
https://www.samanportable.com/revamping-your-workspace-innovative-ideas-for-office-cabin-design,https://www.samanportable.com/product-category/portable-office/,C3 Portable Office,REDIRECT
https://www.samanportable.com/small-portable-office-for-sale,https://www.samanportable.com/product-category/portable-office/,C3 Portable Office,REDIRECT
https://www.samanportable.com/small-portable-office-for-sale-2,https://www.samanportable.com/product-category/portable-office/,C3 Portable Office,REDIRECT
https://www.samanportable.com/space-optimization-small-offices,https://www.samanportable.com/product-category/portable-office/,C3 Portable Office,REDIRECT
https://www.samanportable.com/used-office-cabin,https://www.samanportable.com/product-category/portable-office/,C3 Portable Office,REDIRECT
https://www.samanportable.com/used-portable-office-cabins,https://www.samanportable.com/product-category/portable-office/,C3 Portable Office,REDIRECT
https://www.samanportable.com/best-container-cafe-designs-for-experience,https://www.samanportable.com/product-category/container-cafe/,C5 Container Cafe,MERGE
https://www.samanportable.com/architect-shipping-container-house,https://www.samanportable.com/product-category/container-houses/,C7 Container House,REDIRECT
https://www.samanportable.com/architecture-container-design,https://www.samanportable.com/product-category/container-houses/,C7 Container House,REDIRECT
https://www.samanportable.com/bathroom-in-shipping-container-design-ideas,https://www.samanportable.com/product-category/container-houses/,C7 Container House,REDIRECT
https://www.samanportable.com/bathroom-inside-shipping-container-homes,https://www.samanportable.com/product-category/container-houses/,C7 Container House,REDIRECT
https://www.samanportable.com/benefits-of-shipping-container-houses,https://www.samanportable.com/product-category/container-houses/,C7 Container House,REDIRECT
https://www.samanportable.com/building-with-containers-plans,https://www.samanportable.com/product-category/container-houses/,C7 Container House,REDIRECT
https://www.samanportable.com/cargo-container-architecture,https://www.samanportable.com/product-category/container-houses/,C7 Container House,REDIRECT
https://www.samanportable.com/cargo-container-price,https://www.samanportable.com/product-category/container-houses/,C7 Container House,REDIRECT
https://www.samanportable.com/cargo-ship-living-quarters-guide,https://www.samanportable.com/product-category/container-houses/,C7 Container House,REDIRECT
https://www.samanportable.com/cargo-shipping-containers-for-sale,https://www.samanportable.com/product-category/container-houses/,C7 Container House,REDIRECT
https://www.samanportable.com/container-architecture,https://www.samanportable.com/product-category/container-houses/,C7 Container House,REDIRECT
https://www.samanportable.com/container-architecture-design,https://www.samanportable.com/product-category/container-houses/,C7 Container House,REDIRECT
https://www.samanportable.com/container-buildings,https://www.samanportable.com/product-category/container-houses/,C7 Container House,REDIRECT
https://www.samanportable.com/container-cabin-for-sale,https://www.samanportable.com/product-category/container-houses/,C7 Container House,REDIRECT
https://www.samanportable.com/container-condos-modern-design-benefits,https://www.samanportable.com/product-category/container-houses/,C7 Container House,REDIRECT
https://www.samanportable.com/container-home-architect,https://www.samanportable.com/product-category/container-houses/,C7 Container House,REDIRECT
https://www.samanportable.com/container-home-bathroom-design-ideas,https://www.samanportable.com/product-category/container-houses/,C7 Container House,REDIRECT
https://www.samanportable.com/container-home-building-plans,https://www.samanportable.com/product-category/container-houses/,C7 Container House,REDIRECT
https://www.samanportable.com/container-home-hyderabad-guide,https://www.samanportable.com/product-category/container-houses/,C7 Container House,REDIRECT
https://www.samanportable.com/container-home-prices-guide,https://www.samanportable.com/product-category/container-houses/,C7 Container House,REDIRECT
https://www.samanportable.com/container-homes-chennai-guide,https://www.samanportable.com/product-category/container-houses/,C7 Container House,REDIRECT
https://www.samanportable.com/container-homes-cost-guide,https://www.samanportable.com/product-category/container-houses/,C7 Container House,REDIRECT
https://www.samanportable.com/container-homes-cost-guide-2,https://www.samanportable.com/product-category/container-houses/,C7 Container House,REDIRECT
https://www.samanportable.com/container-homes-cost-in-india,https://www.samanportable.com/product-category/container-houses/,C7 Container House,REDIRECT
https://www.samanportable.com/container-homes-for-sale-india,https://www.samanportable.com/product-category/container-houses/,C7 Container House,REDIRECT
https://www.samanportable.com/container-homes-in-hyderabad,https://www.samanportable.com/product-category/container-houses/,C7 Container House,REDIRECT
https://www.samanportable.com/container-homes-prefab-guide,https://www.samanportable.com/product-category/container-houses/,C7 Container House,REDIRECT
https://www.samanportable.com/container-house-architect,https://www.samanportable.com/product-category/container-houses/,C7 Container House,REDIRECT
https://www.samanportable.com/container-house-building-plans,https://www.samanportable.com/product-category/container-houses/,C7 Container House,REDIRECT
https://www.samanportable.com/container-house-in-coimbatore,https://www.samanportable.com/product-category/container-houses/,C7 Container House,REDIRECT
https://www.samanportable.com/container-house-in-coimbatore-price,https://www.samanportable.com/product-category/container-houses/,C7 Container House,REDIRECT
https://www.samanportable.com/container-house-in-hyderabad,https://www.samanportable.com/product-category/container-houses/,C7 Container House,REDIRECT
https://www.samanportable.com/container-house-in-india,https://www.samanportable.com/product-category/container-houses/,C7 Container House,REDIRECT
https://www.samanportable.com/container-house-in-tamil-nadu,https://www.samanportable.com/product-category/container-houses/,C7 Container House,REDIRECT
https://www.samanportable.com/container-house-interior-design,https://www.samanportable.com/product-category/container-houses/,C7 Container House,REDIRECT
https://www.samanportable.com/container-house-prefab-guide-2024,https://www.samanportable.com/product-category/container-houses/,C7 Container House,REDIRECT
https://www.samanportable.com/container-house-price-guide-2024,https://www.samanportable.com/product-category/container-houses/,C7 Container House,REDIRECT
https://www.samanportable.com/container-house-rent-guide,https://www.samanportable.com/product-category/container-houses/,C7 Container House,REDIRECT
https://www.samanportable.com/container-house-rent-guide-2,https://www.samanportable.com/product-category/container-houses/,C7 Container House,REDIRECT
https://www.samanportable.com/container-housing-in-india,https://www.samanportable.com/product-category/container-houses/,C7 Container House,REDIRECT
https://www.samanportable.com/container-living-homes,https://www.samanportable.com/product-category/container-houses/,C7 Container House,REDIRECT
https://www.samanportable.com/container-living-spaces-modern-homes,https://www.samanportable.com/product-category/container-houses/,C7 Container House,REDIRECT
https://www.samanportable.com/container-luxury-home-guide,https://www.samanportable.com/product-category/container-houses/,C7 Container House,REDIRECT
https://www.samanportable.com/container-plans-architecture,https://www.samanportable.com/product-category/container-houses/,C7 Container House,REDIRECT
https://www.samanportable.com/container-price,https://www.samanportable.com/product-category/container-houses/,C7 Container House,REDIRECT
https://www.samanportable.com/container-structures,https://www.samanportable.com/product-category/container-houses/,C7 Container House,REDIRECT
https://www.samanportable.com/container-types-in-shipping,https://www.samanportable.com/product-category/container-houses/,C7 Container House,REDIRECT
https://www.samanportable.com/containerized-housing,https://www.samanportable.com/product-category/container-houses/,C7 Container House,REDIRECT
https://www.samanportable.com/containers-as-homes,https://www.samanportable.com/product-category/container-houses/,C7 Container House,REDIRECT
https://www.samanportable.com/containers-for-homes,https://www.samanportable.com/product-category/container-houses/,C7 Container House,REDIRECT
https://www.samanportable.com/containers-second-hand,https://www.samanportable.com/product-category/container-houses/,C7 Container House,REDIRECT
https://www.samanportable.com/cost-for-container-homes,https://www.samanportable.com/product-category/container-houses/,C7 Container House,REDIRECT
https://www.samanportable.com/different-types-of-containers,https://www.samanportable.com/product-category/container-houses/,C7 Container House,REDIRECT
https://www.samanportable.com/houses-in-containers,https://www.samanportable.com/product-category/container-houses/,C7 Container House,REDIRECT
https://www.samanportable.com/modular-container-buildings,https://www.samanportable.com/product-category/container-houses/,C7 Container House,REDIRECT
https://www.samanportable.com/modular-container-homes,https://www.samanportable.com/product-category/container-houses/,C7 Container House,REDIRECT
https://www.samanportable.com/porta-cabin-containers,https://www.samanportable.com/product-category/container-houses/,C7 Container House,REDIRECT
https://www.samanportable.com/portable-container-house,https://www.samanportable.com/product-category/container-houses/,C7 Container House,REDIRECT
https://www.samanportable.com/prefab-container-homes,https://www.samanportable.com/product-category/container-houses/,C7 Container House,REDIRECT
https://www.samanportable.com/restaurant-food-containers,https://www.samanportable.com/product-category/container-houses/,C7 Container House,REDIRECT
https://www.samanportable.com/ship-container-price-in-india,https://www.samanportable.com/product-category/container-houses/,C7 Container House,REDIRECT
https://www.samanportable.com/shipping-container-apartments-design-guide,https://www.samanportable.com/product-category/container-houses/,C7 Container House,REDIRECT
https://www.samanportable.com/shipping-container-architecture,https://www.samanportable.com/product-category/container-houses/,C7 Container House,REDIRECT
https://www.samanportable.com/shipping-container-architecture-designs,https://www.samanportable.com/product-category/container-houses/,C7 Container House,REDIRECT
https://www.samanportable.com/shipping-container-architecture-plans,https://www.samanportable.com/product-category/container-houses/,C7 Container House,REDIRECT
https://www.samanportable.com/shipping-container-bathroom-for-sale,https://www.samanportable.com/product-category/container-houses/,C7 Container House,REDIRECT
https://www.samanportable.com/shipping-container-building-plans,https://www.samanportable.com/product-category/container-houses/,C7 Container House,REDIRECT
https://www.samanportable.com/shipping-container-buildings,https://www.samanportable.com/product-category/container-houses/,C7 Container House,REDIRECT
https://www.samanportable.com/shipping-container-cabin-for-sale,https://www.samanportable.com/product-category/container-houses/,C7 Container House,REDIRECT
https://www.samanportable.com/shipping-container-designers,https://www.samanportable.com/product-category/container-houses/,C7 Container House,REDIRECT
https://www.samanportable.com/shipping-container-home,https://www.samanportable.com/product-category/container-houses/,C7 Container House,REDIRECT
https://www.samanportable.com/shipping-container-home-building-plans,https://www.samanportable.com/product-category/container-houses/,C7 Container House,REDIRECT
https://www.samanportable.com/shipping-container-home-extensions-guide,https://www.samanportable.com/product-category/container-houses/,C7 Container House,REDIRECT
https://www.samanportable.com/shipping-container-home-structural-design,https://www.samanportable.com/product-category/container-houses/,C7 Container House,REDIRECT
https://www.samanportable.com/shipping-container-home-structural-design-2,https://www.samanportable.com/product-category/container-houses/,C7 Container House,REDIRECT
https://www.samanportable.com/shipping-container-price,https://www.samanportable.com/product-category/container-houses/,C7 Container House,REDIRECT
https://www.samanportable.com/shipping-container-spaces,https://www.samanportable.com/product-category/container-houses/,C7 Container House,REDIRECT
https://www.samanportable.com/shipping-container-structure,https://www.samanportable.com/product-category/container-houses/,C7 Container House,REDIRECT
https://www.samanportable.com/shipping-container-structure-2,https://www.samanportable.com/product-category/container-houses/,C7 Container House,REDIRECT
https://www.samanportable.com/shipping-containers-for-homes,https://www.samanportable.com/product-category/container-houses/,C7 Container House,REDIRECT
https://www.samanportable.com/transportable-container-storage,https://www.samanportable.com/product-category/container-houses/,C7 Container House,REDIRECT
https://www.samanportable.com/types-of-containerization,https://www.samanportable.com/product-category/container-houses/,C7 Container House,REDIRECT
https://www.samanportable.com/used-container-price,https://www.samanportable.com/product-category/container-houses/,C7 Container House,REDIRECT
https://www.samanportable.com/used-containers-for-sale-in-chennai,https://www.samanportable.com/product-category/container-houses/,C7 Container House,REDIRECT
https://www.samanportable.com/used-containers-for-sale-in-tamil-nadu,https://www.samanportable.com/product-category/container-houses/,C7 Container House,REDIRECT
https://www.samanportable.com/used-shipping-container-price-in-india,https://www.samanportable.com/product-category/container-houses/,C7 Container House,REDIRECT
https://www.samanportable.com/used-shipping-containers,https://www.samanportable.com/product-category/container-houses/,C7 Container House,REDIRECT
https://www.samanportable.com/used-shipping-containers-for-sale-in-india,https://www.samanportable.com/product-category/container-houses/,C7 Container House,REDIRECT
https://www.samanportable.com/why-portable-storage-containers-are-cheaper,https://www.samanportable.com/product-category/container-houses/,C7 Container House,REDIRECT
https://www.samanportable.com/durable-modular-homes-delhi,https://www.samanportable.com/product-category/prefabricated-houses/,C12 Prefab House,MERGE
https://www.samanportable.com/1200-sq-ft-house-plan-in-tamil-nadu,https://www.samanportable.com/product-category/prefabricated-houses/,C12 Prefab House,REDIRECT
https://www.samanportable.com/buy-prefabricated-cabins-online,https://www.samanportable.com/product-category/prefabricated-houses/,C12 Prefab House,REDIRECT
https://www.samanportable.com/cabin-style-tiny-homes-overview,https://www.samanportable.com/product-category/prefabricated-houses/,C12 Prefab House,REDIRECT
https://www.samanportable.com/cabin-tiny-homes-benefits-overview,https://www.samanportable.com/product-category/prefabricated-houses/,C12 Prefab House,REDIRECT
https://www.samanportable.com/comprehensive-guide-to-prefab-homes,https://www.samanportable.com/product-category/prefabricated-houses/,C12 Prefab House,REDIRECT
https://www.samanportable.com/contemporary-prefab-cabins,https://www.samanportable.com/product-category/prefabricated-houses/,C12 Prefab House,REDIRECT
https://www.samanportable.com/cost-of-prefab-cabin,https://www.samanportable.com/product-category/prefabricated-houses/,C12 Prefab House,REDIRECT
https://www.samanportable.com/cost-of-prefab-homes,https://www.samanportable.com/product-category/prefabricated-houses/,C12 Prefab House,REDIRECT
https://www.samanportable.com/cottage-style-mobile-homes-benefits-guides,https://www.samanportable.com/product-category/prefabricated-houses/,C12 Prefab House,REDIRECT
https://www.samanportable.com/creative-designs-of-prefabricated-cabin,https://www.samanportable.com/product-category/prefabricated-houses/,C12 Prefab House,REDIRECT
https://www.samanportable.com/delivered-tiny-homes-details-overview,https://www.samanportable.com/product-category/prefabricated-houses/,C12 Prefab House,REDIRECT
https://www.samanportable.com/double-wide-cabin-mobile-homes-benefits,https://www.samanportable.com/product-category/prefabricated-houses/,C12 Prefab House,REDIRECT
https://www.samanportable.com/exploring-9-magnificent-prefab-cottages,https://www.samanportable.com/product-category/prefabricated-houses/,C12 Prefab House,REDIRECT
https://www.samanportable.com/fabricated-homes,https://www.samanportable.com/product-category/prefabricated-houses/,C12 Prefab House,REDIRECT
https://www.samanportable.com/fabrication-house-in-india-modular-guide,https://www.samanportable.com/product-category/prefabricated-houses/,C12 Prefab House,REDIRECT
https://www.samanportable.com/farmhouse-modular-homes,https://www.samanportable.com/product-category/prefabricated-houses/,C12 Prefab House,REDIRECT
https://www.samanportable.com/house-camping-overview,https://www.samanportable.com/product-category/prefabricated-houses/,C12 Prefab House,REDIRECT
https://www.samanportable.com/inside-double-wide-log-cabin-mobile-homes,https://www.samanportable.com/product-category/prefabricated-houses/,C12 Prefab House,REDIRECT
https://www.samanportable.com/little-log-houses-benefits-uses,https://www.samanportable.com/product-category/prefabricated-houses/,C12 Prefab House,REDIRECT
https://www.samanportable.com/log-cabin-style-mobile-homes-benefits,https://www.samanportable.com/product-category/prefabricated-houses/,C12 Prefab House,REDIRECT
https://www.samanportable.com/log-cabin-style-trailer-homes-benefits,https://www.samanportable.com/product-category/prefabricated-houses/,C12 Prefab House,REDIRECT
https://www.samanportable.com/log-house-prefab,https://www.samanportable.com/product-category/prefabricated-houses/,C12 Prefab House,REDIRECT
https://www.samanportable.com/log-house-prefabs,https://www.samanportable.com/product-category/prefabricated-houses/,C12 Prefab House,REDIRECT
https://www.samanportable.com/manufactured-cabins-for-sale,https://www.samanportable.com/product-category/prefabricated-houses/,C12 Prefab House,REDIRECT
https://www.samanportable.com/manufactured-home-log-cabin-style,https://www.samanportable.com/product-category/prefabricated-houses/,C12 Prefab House,REDIRECT
https://www.samanportable.com/micro-prefab-homes,https://www.samanportable.com/product-category/prefabricated-houses/,C12 Prefab House,REDIRECT
https://www.samanportable.com/mobile-home-cabin-benefits,https://www.samanportable.com/product-category/prefabricated-houses/,C12 Prefab House,REDIRECT
https://www.samanportable.com/mobile-home-cabin-buying-guide,https://www.samanportable.com/product-category/prefabricated-houses/,C12 Prefab House,REDIRECT
https://www.samanportable.com/mobile-home-cabins-cozy-living-styles,https://www.samanportable.com/product-category/prefabricated-houses/,C12 Prefab House,REDIRECT
https://www.samanportable.com/mobile-home-log-cabin-siding-benefits,https://www.samanportable.com/product-category/prefabricated-houses/,C12 Prefab House,REDIRECT
https://www.samanportable.com/mobile-home-with-lots-of-windows-benefits,https://www.samanportable.com/product-category/prefabricated-houses/,C12 Prefab House,REDIRECT
https://www.samanportable.com/mobile-homes-for-sale,https://www.samanportable.com/product-category/prefabricated-houses/,C12 Prefab House,REDIRECT
https://www.samanportable.com/mobile-tiny-homes-for-sale,https://www.samanportable.com/product-category/prefabricated-houses/,C12 Prefab House,REDIRECT
https://www.samanportable.com/modern-modular-homes,https://www.samanportable.com/product-category/prefabricated-houses/,C12 Prefab House,REDIRECT
https://www.samanportable.com/modern-prefab-homes,https://www.samanportable.com/product-category/prefabricated-houses/,C12 Prefab House,REDIRECT
https://www.samanportable.com/modern-prefab-homes-under-100k,https://www.samanportable.com/product-category/prefabricated-houses/,C12 Prefab House,REDIRECT
https://www.samanportable.com/modern-prefab-houses,https://www.samanportable.com/product-category/prefabricated-houses/,C12 Prefab House,REDIRECT
https://www.samanportable.com/modern-prefab-tiny-homes,https://www.samanportable.com/product-category/prefabricated-houses/,C12 Prefab House,REDIRECT
https://www.samanportable.com/modular-cabin-for-office,https://www.samanportable.com/product-category/prefabricated-houses/,C12 Prefab House,REDIRECT
https://www.samanportable.com/modular-cabin-homes,https://www.samanportable.com/product-category/prefabricated-houses/,C12 Prefab House,REDIRECT
https://www.samanportable.com/modular-home-costs,https://www.samanportable.com/product-category/prefabricated-houses/,C12 Prefab House,REDIRECT
https://www.samanportable.com/modular-home-manufacturer,https://www.samanportable.com/product-category/prefabricated-houses/,C12 Prefab House,REDIRECT
https://www.samanportable.com/modular-homes,https://www.samanportable.com/product-category/prefabricated-houses/,C12 Prefab House,REDIRECT
https://www.samanportable.com/modular-house-design-in-india-benefits,https://www.samanportable.com/product-category/prefabricated-houses/,C12 Prefab House,REDIRECT
https://www.samanportable.com/modular-house-india-advantages,https://www.samanportable.com/product-category/prefabricated-houses/,C12 Prefab House,REDIRECT
https://www.samanportable.com/modular-small-homes,https://www.samanportable.com/product-category/prefabricated-houses/,C12 Prefab House,REDIRECT
https://www.samanportable.com/movable-houses,https://www.samanportable.com/product-category/prefabricated-houses/,C12 Prefab House,REDIRECT
https://www.samanportable.com/movable-houses-2,https://www.samanportable.com/product-category/prefabricated-houses/,C12 Prefab House,REDIRECT
https://www.samanportable.com/movable-small-houses-top-5-powerful-designs,https://www.samanportable.com/product-category/prefabricated-houses/,C12 Prefab House,REDIRECT
https://www.samanportable.com/portable-farm-houses,https://www.samanportable.com/product-category/prefabricated-houses/,C12 Prefab House,REDIRECT
https://www.samanportable.com/portable-homes,https://www.samanportable.com/product-category/prefabricated-houses/,C12 Prefab House,REDIRECT
https://www.samanportable.com/portable-homes-for-sale-benefits,https://www.samanportable.com/product-category/prefabricated-houses/,C12 Prefab House,REDIRECT
https://www.samanportable.com/portable-house-price,https://www.samanportable.com/product-category/prefabricated-houses/,C12 Prefab House,REDIRECT
https://www.samanportable.com/portable-houses,https://www.samanportable.com/product-category/prefabricated-houses/,C12 Prefab House,REDIRECT
https://www.samanportable.com/portable-houses-2,https://www.samanportable.com/product-category/prefabricated-houses/,C12 Prefab House,REDIRECT
https://www.samanportable.com/portable-houses-for-sale,https://www.samanportable.com/product-category/prefabricated-houses/,C12 Prefab House,REDIRECT
https://www.samanportable.com/portable-log-cabins-benefits-uses,https://www.samanportable.com/product-category/prefabricated-houses/,C12 Prefab House,REDIRECT
https://www.samanportable.com/portable-mobile-homes,https://www.samanportable.com/product-category/prefabricated-houses/,C12 Prefab House,REDIRECT
https://www.samanportable.com/portable-prefab-cabins,https://www.samanportable.com/product-category/prefabricated-houses/,C12 Prefab House,REDIRECT
https://www.samanportable.com/portable-shed-tiny-houses-guide-2024,https://www.samanportable.com/product-category/prefabricated-houses/,C12 Prefab House,REDIRECT
https://www.samanportable.com/portable-tiny-houses-benefits,https://www.samanportable.com/product-category/prefabricated-houses/,C12 Prefab House,REDIRECT
https://www.samanportable.com/pre-built-houses-for-sale,https://www.samanportable.com/product-category/prefabricated-houses/,C12 Prefab House,REDIRECT
https://www.samanportable.com/pre-built-kit-homes-quick-affordable-housing,https://www.samanportable.com/product-category/prefabricated-houses/,C12 Prefab House,REDIRECT
https://www.samanportable.com/pre-fabricated-house-in-india-benefits,https://www.samanportable.com/product-category/prefabricated-houses/,C12 Prefab House,REDIRECT
https://www.samanportable.com/pre-manufactured-cabins-for-sale,https://www.samanportable.com/product-category/prefabricated-houses/,C12 Prefab House,REDIRECT
https://www.samanportable.com/pre-manufactured-log-cabins,https://www.samanportable.com/product-category/prefabricated-houses/,C12 Prefab House,REDIRECT
https://www.samanportable.com/pre-manufactured-tiny-homes,https://www.samanportable.com/product-category/prefabricated-houses/,C12 Prefab House,REDIRECT
https://www.samanportable.com/prebuilt-houses,https://www.samanportable.com/product-category/prefabricated-houses/,C12 Prefab House,REDIRECT
https://www.samanportable.com/prefab-cabins,https://www.samanportable.com/product-category/prefabricated-houses/,C12 Prefab House,REDIRECT
https://www.samanportable.com/prefab-farm-homes-india-guide,https://www.samanportable.com/product-category/prefabricated-houses/,C12 Prefab House,REDIRECT
https://www.samanportable.com/prefab-homes-mumbai,https://www.samanportable.com/product-category/prefabricated-houses/,C12 Prefab House,REDIRECT
https://www.samanportable.com/prefab-homes-mumbai-guide,https://www.samanportable.com/product-category/prefabricated-houses/,C12 Prefab House,REDIRECT
https://www.samanportable.com/prefab-house-cost,https://www.samanportable.com/product-category/prefabricated-houses/,C12 Prefab House,REDIRECT
https://www.samanportable.com/prefab-house-india-benefits-features,https://www.samanportable.com/product-category/prefabricated-houses/,C12 Prefab House,REDIRECT
https://www.samanportable.com/prefab-houses,https://www.samanportable.com/product-category/prefabricated-houses/,C12 Prefab House,REDIRECT
https://www.samanportable.com/prefab-houses-for-sale,https://www.samanportable.com/product-category/prefabricated-houses/,C12 Prefab House,REDIRECT
https://www.samanportable.com/prefab-houses-for-sale-2,https://www.samanportable.com/product-category/prefabricated-houses/,C12 Prefab House,REDIRECT
https://www.samanportable.com/prefab-log-cabins,https://www.samanportable.com/product-category/prefabricated-houses/,C12 Prefab House,REDIRECT
https://www.samanportable.com/prefab-mini-cabins,https://www.samanportable.com/product-category/prefabricated-houses/,C12 Prefab House,REDIRECT
https://www.samanportable.com/prefab-modular-homes,https://www.samanportable.com/product-category/prefabricated-houses/,C12 Prefab House,REDIRECT
https://www.samanportable.com/prefab-tiny-cabins,https://www.samanportable.com/product-category/prefabricated-houses/,C12 Prefab House,REDIRECT
https://www.samanportable.com/prefab-tiny-cottages,https://www.samanportable.com/product-category/prefabricated-houses/,C12 Prefab House,REDIRECT
https://www.samanportable.com/prefab-tiny-homes,https://www.samanportable.com/product-category/prefabricated-houses/,C12 Prefab House,REDIRECT
https://www.samanportable.com/prefabricated-cabins-for-sale,https://www.samanportable.com/product-category/prefabricated-houses/,C12 Prefab House,REDIRECT
https://www.samanportable.com/prefabricated-farm-house-is-a-good-idea,https://www.samanportable.com/product-category/prefabricated-houses/,C12 Prefab House,REDIRECT
https://www.samanportable.com/prefabricated-homes-for-sale,https://www.samanportable.com/product-category/prefabricated-houses/,C12 Prefab House,REDIRECT
https://www.samanportable.com/prefabricated-house-construction-process,https://www.samanportable.com/product-category/prefabricated-houses/,C12 Prefab House,REDIRECT
https://www.samanportable.com/prefabricated-house-for-sale,https://www.samanportable.com/product-category/prefabricated-houses/,C12 Prefab House,REDIRECT
https://www.samanportable.com/prefabricated-house-in-pune-overview,https://www.samanportable.com/product-category/prefabricated-houses/,C12 Prefab House,REDIRECT
https://www.samanportable.com/prefabricated-houses-in-hyderabad,https://www.samanportable.com/product-category/prefabricated-houses/,C12 Prefab House,REDIRECT
https://www.samanportable.com/prefabricated-houses-in-kerala,https://www.samanportable.com/product-category/prefabricated-houses/,C12 Prefab House,REDIRECT
https://www.samanportable.com/ready-made-tiny-homes,https://www.samanportable.com/product-category/prefabricated-houses/,C12 Prefab House,REDIRECT
https://www.samanportable.com/readymade-houses-in-india-benefits,https://www.samanportable.com/product-category/prefabricated-houses/,C12 Prefab House,REDIRECT
https://www.samanportable.com/rustic-mobile-homes-key-features,https://www.samanportable.com/product-category/prefabricated-houses/,C12 Prefab House,REDIRECT
https://www.samanportable.com/small-log-cabin-homes-overview,https://www.samanportable.com/product-category/prefabricated-houses/,C12 Prefab House,REDIRECT
https://www.samanportable.com/small-prefab-cottages,https://www.samanportable.com/product-category/prefabricated-houses/,C12 Prefab House,REDIRECT
https://www.samanportable.com/small-prefab-homes,https://www.samanportable.com/product-category/prefabricated-houses/,C12 Prefab House,REDIRECT
https://www.samanportable.com/the-ultimate-guide-to-mobile-log-homes,https://www.samanportable.com/product-category/prefabricated-houses/,C12 Prefab House,REDIRECT
https://www.samanportable.com/tiny-home-mobile-benefits-guide,https://www.samanportable.com/product-category/prefabricated-houses/,C12 Prefab House,REDIRECT
https://www.samanportable.com/tiny-house-designs-benefits,https://www.samanportable.com/product-category/prefabricated-houses/,C12 Prefab House,REDIRECT
https://www.samanportable.com/tiny-log-cabins-benefits-guide-2024-overview,https://www.samanportable.com/product-category/prefabricated-houses/,C12 Prefab House,REDIRECT
https://www.samanportable.com/tiny-portable-log-cabins-benefits-uses,https://www.samanportable.com/product-category/prefabricated-houses/,C12 Prefab House,REDIRECT
https://www.samanportable.com/tiny-trailer-homes-for-sale,https://www.samanportable.com/product-category/prefabricated-houses/,C12 Prefab House,REDIRECT
https://www.samanportable.com/10-benefits-pre-engineered-buildings,https://www.samanportable.com/product-category/pre-engineered-buildings/,C9/C10 PEB / Pre-Eng,REDIRECT
https://www.samanportable.com/10-pre-engineered-steel-buildings-design,https://www.samanportable.com/product-category/pre-engineered-buildings/,C9/C10 PEB / Pre-Eng,REDIRECT
https://www.samanportable.com/design-of-peb-structure-key-elements,https://www.samanportable.com/product-category/pre-engineered-buildings/,C9/C10 PEB / Pre-Eng,REDIRECT
https://www.samanportable.com/peb-building-construction-cost,https://www.samanportable.com/product-category/pre-engineered-buildings/,C9/C10 PEB / Pre-Eng,REDIRECT
https://www.samanportable.com/peb-building-cost,https://www.samanportable.com/product-category/pre-engineered-buildings/,C9/C10 PEB / Pre-Eng,REDIRECT
https://www.samanportable.com/peb-building-manufacturers-in-india,https://www.samanportable.com/product-category/pre-engineered-buildings/,C9/C10 PEB / Pre-Eng,REDIRECT
https://www.samanportable.com/peb-buildings-benefits-features-applications,https://www.samanportable.com/product-category/pre-engineered-buildings/,C9/C10 PEB / Pre-Eng,REDIRECT
https://www.samanportable.com/peb-construction-cost,https://www.samanportable.com/product-category/pre-engineered-buildings/,C9/C10 PEB / Pre-Eng,REDIRECT
https://www.samanportable.com/peb-cost-per-sq-ft,https://www.samanportable.com/product-category/pre-engineered-buildings/,C9/C10 PEB / Pre-Eng,REDIRECT
https://www.samanportable.com/peb-pre-engineered-building-solutions,https://www.samanportable.com/product-category/pre-engineered-buildings/,C9/C10 PEB / Pre-Eng,REDIRECT
https://www.samanportable.com/peb-shed-cost,https://www.samanportable.com/product-category/pre-engineered-buildings/,C9/C10 PEB / Pre-Eng,REDIRECT
https://www.samanportable.com/peb-solutions,https://www.samanportable.com/product-category/pre-engineered-buildings/,C9/C10 PEB / Pre-Eng,REDIRECT
https://www.samanportable.com/peb-structure-construction-cost,https://www.samanportable.com/product-category/pre-engineered-buildings/,C9/C10 PEB / Pre-Eng,REDIRECT
https://www.samanportable.com/peb-structure-cost-per-kg,https://www.samanportable.com/product-category/pre-engineered-buildings/,C9/C10 PEB / Pre-Eng,REDIRECT
https://www.samanportable.com/peb-structure-cost-per-sq-ft,https://www.samanportable.com/product-category/pre-engineered-buildings/,C9/C10 PEB / Pre-Eng,REDIRECT
https://www.samanportable.com/peb-structure-material,https://www.samanportable.com/product-category/pre-engineered-buildings/,C9/C10 PEB / Pre-Eng,REDIRECT
https://www.samanportable.com/peb-structures,https://www.samanportable.com/product-category/pre-engineered-buildings/,C9/C10 PEB / Pre-Eng,REDIRECT
https://www.samanportable.com/pre-engineered-building-manufacturers,https://www.samanportable.com/product-category/pre-engineered-buildings/,C9/C10 PEB / Pre-Eng,REDIRECT
https://www.samanportable.com/pre-engineered-building-materials,https://www.samanportable.com/product-category/pre-engineered-buildings/,C9/C10 PEB / Pre-Eng,REDIRECT
https://www.samanportable.com/the-saman-top-peb-manufacturers,https://www.samanportable.com/product-category/pre-engineered-buildings/,C9/C10 PEB / Pre-Eng,REDIRECT
https://www.samanportable.com/what-are-pre-engineered-buildings-made-of,https://www.samanportable.com/product-category/pre-engineered-buildings/,C9/C10 PEB / Pre-Eng,REDIRECT
https://www.samanportable.com/customized-prefab-structures-ncr,https://www.samanportable.com/product-category/prefab-buildings/,C11 Prefab Building,MERGE
https://www.samanportable.com/top-rated-recycled-office-structures,https://www.samanportable.com/product-category/prefab-buildings/,C11 Prefab Building,MERGE
https://www.samanportable.com/benefits-of-prefabricated-structures,https://www.samanportable.com/product-category/prefab-buildings/,C11 Prefab Building,REDIRECT
https://www.samanportable.com/eco-friendly-architecture,https://www.samanportable.com/product-category/prefab-buildings/,C11 Prefab Building,REDIRECT
https://www.samanportable.com/eco-friendly-building,https://www.samanportable.com/product-category/prefab-buildings/,C11 Prefab Building,REDIRECT
https://www.samanportable.com/eco-friendly-structures,https://www.samanportable.com/product-category/prefab-buildings/,C11 Prefab Building,REDIRECT
https://www.samanportable.com/eco-friendly-structures-2,https://www.samanportable.com/product-category/prefab-buildings/,C11 Prefab Building,REDIRECT
https://www.samanportable.com/environmentally-friendly-architecture,https://www.samanportable.com/product-category/prefab-buildings/,C11 Prefab Building,REDIRECT
https://www.samanportable.com/future-of-modular-housing,https://www.samanportable.com/product-category/prefab-buildings/,C11 Prefab Building,REDIRECT
https://www.samanportable.com/green-architecture,https://www.samanportable.com/product-category/prefab-buildings/,C11 Prefab Building,REDIRECT
https://www.samanportable.com/lightweight-structures,https://www.samanportable.com/product-category/prefab-buildings/,C11 Prefab Building,REDIRECT
https://www.samanportable.com/mobile-buildings,https://www.samanportable.com/product-category/prefab-buildings/,C11 Prefab Building,REDIRECT
https://www.samanportable.com/modular-buildings-top-10-reasons,https://www.samanportable.com/product-category/prefab-buildings/,C11 Prefab Building,REDIRECT
https://www.samanportable.com/modular-classroom-building,https://www.samanportable.com/product-category/prefab-buildings/,C11 Prefab Building,REDIRECT
https://www.samanportable.com/modular-classroom-building-2,https://www.samanportable.com/product-category/prefab-buildings/,C11 Prefab Building,REDIRECT
https://www.samanportable.com/modular-classrooms,https://www.samanportable.com/product-category/prefab-buildings/,C11 Prefab Building,REDIRECT
https://www.samanportable.com/modular-classrooms-2,https://www.samanportable.com/product-category/prefab-buildings/,C11 Prefab Building,REDIRECT
https://www.samanportable.com/modular-construction,https://www.samanportable.com/product-category/prefab-buildings/,C11 Prefab Building,REDIRECT
https://www.samanportable.com/modular-furniture-office-solutions,https://www.samanportable.com/product-category/prefab-buildings/,C11 Prefab Building,REDIRECT
https://www.samanportable.com/modular-housing-in-india-benefits,https://www.samanportable.com/product-category/prefab-buildings/,C11 Prefab Building,REDIRECT
https://www.samanportable.com/modular-prefab,https://www.samanportable.com/product-category/prefab-buildings/,C11 Prefab Building,REDIRECT
https://www.samanportable.com/modular-shelters,https://www.samanportable.com/product-category/prefab-buildings/,C11 Prefab Building,REDIRECT
https://www.samanportable.com/modular-solutions,https://www.samanportable.com/product-category/prefab-buildings/,C11 Prefab Building,REDIRECT
https://www.samanportable.com/modular-steel-buildings,https://www.samanportable.com/product-category/prefab-buildings/,C11 Prefab Building,REDIRECT
https://www.samanportable.com/modular-temporary-buildings,https://www.samanportable.com/product-category/prefab-buildings/,C11 Prefab Building,REDIRECT
https://www.samanportable.com/moveable-buildings-benefits,https://www.samanportable.com/product-category/prefab-buildings/,C11 Prefab Building,REDIRECT
https://www.samanportable.com/new-trends-2024-in-the-prefab-industry,https://www.samanportable.com/product-category/prefab-buildings/,C11 Prefab Building,REDIRECT
https://www.samanportable.com/office-building-design-trends-2024,https://www.samanportable.com/product-category/prefab-buildings/,C11 Prefab Building,REDIRECT
https://www.samanportable.com/office-building-top-10-power-features,https://www.samanportable.com/product-category/prefab-buildings/,C11 Prefab Building,REDIRECT
https://www.samanportable.com/portable-building-homes,https://www.samanportable.com/product-category/prefab-buildings/,C11 Prefab Building,REDIRECT
https://www.samanportable.com/portable-building-manufacturers,https://www.samanportable.com/product-category/prefab-buildings/,C11 Prefab Building,REDIRECT
https://www.samanportable.com/portable-building-sheds-guide-2024,https://www.samanportable.com/product-category/prefab-buildings/,C11 Prefab Building,REDIRECT
https://www.samanportable.com/portable-building-solutions,https://www.samanportable.com/product-category/prefab-buildings/,C11 Prefab Building,REDIRECT
https://www.samanportable.com/portable-building-solutions-2,https://www.samanportable.com/product-category/prefab-buildings/,C11 Prefab Building,REDIRECT
https://www.samanportable.com/portable-buildings,https://www.samanportable.com/product-category/prefab-buildings/,C11 Prefab Building,REDIRECT
https://www.samanportable.com/portable-buildings-for-sale,https://www.samanportable.com/product-category/prefab-buildings/,C11 Prefab Building,REDIRECT
https://www.samanportable.com/portable-buildings-innovative-solutions,https://www.samanportable.com/product-category/prefab-buildings/,C11 Prefab Building,REDIRECT
https://www.samanportable.com/portable-shed-buildings,https://www.samanportable.com/product-category/prefab-buildings/,C11 Prefab Building,REDIRECT
https://www.samanportable.com/portable-steel-buildings-for-sale,https://www.samanportable.com/product-category/prefab-buildings/,C11 Prefab Building,REDIRECT
https://www.samanportable.com/portable-storage-buildings,https://www.samanportable.com/product-category/prefab-buildings/,C11 Prefab Building,REDIRECT
https://www.samanportable.com/portable-structures,https://www.samanportable.com/product-category/prefab-buildings/,C11 Prefab Building,REDIRECT
https://www.samanportable.com/portable-structures-for-sale,https://www.samanportable.com/product-category/prefab-buildings/,C11 Prefab Building,REDIRECT
https://www.samanportable.com/pre-built-buildings,https://www.samanportable.com/product-category/prefab-buildings/,C11 Prefab Building,REDIRECT
https://www.samanportable.com/pre-engineering-building-cost,https://www.samanportable.com/product-category/prefab-buildings/,C11 Prefab Building,REDIRECT
https://www.samanportable.com/prefab-buildings-for-sale,https://www.samanportable.com/product-category/prefab-buildings/,C11 Prefab Building,REDIRECT
https://www.samanportable.com/prefab-labor-camps-key-to-success,https://www.samanportable.com/product-category/prefab-buildings/,C11 Prefab Building,REDIRECT
https://www.samanportable.com/prefab-log-buildings,https://www.samanportable.com/product-category/prefab-buildings/,C11 Prefab Building,REDIRECT
https://www.samanportable.com/prefab-office-spaces,https://www.samanportable.com/product-category/prefab-buildings/,C11 Prefab Building,REDIRECT
https://www.samanportable.com/prefab-portable-buildings,https://www.samanportable.com/product-category/prefab-buildings/,C11 Prefab Building,REDIRECT
https://www.samanportable.com/prefab-portable-buildings-2,https://www.samanportable.com/product-category/prefab-buildings/,C11 Prefab Building,REDIRECT
https://www.samanportable.com/prefab-steel-buildings,https://www.samanportable.com/product-category/prefab-buildings/,C11 Prefab Building,REDIRECT
https://www.samanportable.com/prefab-steel-buildings-2,https://www.samanportable.com/product-category/prefab-buildings/,C11 Prefab Building,REDIRECT
https://www.samanportable.com/prefab-structures,https://www.samanportable.com/product-category/prefab-buildings/,C11 Prefab Building,REDIRECT
https://www.samanportable.com/prefabricated-building-manufacturer,https://www.samanportable.com/product-category/prefab-buildings/,C11 Prefab Building,REDIRECT
https://www.samanportable.com/prefabricated-buildings,https://www.samanportable.com/product-category/prefab-buildings/,C11 Prefab Building,REDIRECT
https://www.samanportable.com/prefabricated-modular-healthcare-buildings-why-do-we-need-them,https://www.samanportable.com/product-category/prefab-buildings/,C11 Prefab Building,REDIRECT
https://www.samanportable.com/prefabricated-site-office-manufacturers,https://www.samanportable.com/product-category/prefab-buildings/,C11 Prefab Building,REDIRECT
https://www.samanportable.com/prefabricated-solutions,https://www.samanportable.com/product-category/prefab-buildings/,C11 Prefab Building,REDIRECT
https://www.samanportable.com/prefabricated-steel-structure,https://www.samanportable.com/product-category/prefab-buildings/,C11 Prefab Building,REDIRECT
https://www.samanportable.com/prefabricated-storage-buildings,https://www.samanportable.com/product-category/prefab-buildings/,C11 Prefab Building,REDIRECT
https://www.samanportable.com/revolutionizing-construction-the-rise-of-prefab-office-and-structures-in-2023,https://www.samanportable.com/product-category/prefab-buildings/,C11 Prefab Building,REDIRECT
https://www.samanportable.com/small-portable-buildings,https://www.samanportable.com/product-category/prefab-buildings/,C11 Prefab Building,REDIRECT
https://www.samanportable.com/small-portable-buildings-2,https://www.samanportable.com/product-category/prefab-buildings/,C11 Prefab Building,REDIRECT
https://www.samanportable.com/small-portable-buildings-versatile-solutions-for-modern-needs,https://www.samanportable.com/product-category/prefab-buildings/,C11 Prefab Building,REDIRECT
https://www.samanportable.com/steel-building-manufacturers,https://www.samanportable.com/product-category/prefab-buildings/,C11 Prefab Building,REDIRECT
https://www.samanportable.com/structures-for-prefabricated-site-offices,https://www.samanportable.com/product-category/prefab-buildings/,C11 Prefab Building,REDIRECT
https://www.samanportable.com/sustainable-architecture,https://www.samanportable.com/product-category/prefab-buildings/,C11 Prefab Building,REDIRECT
https://www.samanportable.com/sustainable-architecture-buildings,https://www.samanportable.com/product-category/prefab-buildings/,C11 Prefab Building,REDIRECT
https://www.samanportable.com/sustainable-architecture-buildings-2,https://www.samanportable.com/product-category/prefab-buildings/,C11 Prefab Building,REDIRECT
https://www.samanportable.com/sustainable-building-design,https://www.samanportable.com/product-category/prefab-buildings/,C11 Prefab Building,REDIRECT
https://www.samanportable.com/sustainable-buildings,https://www.samanportable.com/product-category/prefab-buildings/,C11 Prefab Building,REDIRECT
https://www.samanportable.com/temporary-building-solutions,https://www.samanportable.com/product-category/prefab-buildings/,C11 Prefab Building,REDIRECT
https://www.samanportable.com/temporary-buildings,https://www.samanportable.com/product-category/prefab-buildings/,C11 Prefab Building,REDIRECT
https://www.samanportable.com/temporary-buildings-for-sale,https://www.samanportable.com/product-category/prefab-buildings/,C11 Prefab Building,REDIRECT
https://www.samanportable.com/temporary-garage-structure,https://www.samanportable.com/product-category/prefab-buildings/,C11 Prefab Building,REDIRECT
https://www.samanportable.com/top-10-benefits-prefab-retail-stores,https://www.samanportable.com/product-category/prefab-buildings/,C11 Prefab Building,REDIRECT
https://www.samanportable.com/top-benefits-of-pre-structured-buildings,https://www.samanportable.com/product-category/prefab-buildings/,C11 Prefab Building,REDIRECT
https://www.samanportable.com/why-do-we-build-pre-engineering-buildings,https://www.samanportable.com/product-category/prefab-buildings/,C11 Prefab Building,REDIRECT
https://www.samanportable.com/portable-toilet-cabin-hire,https://www.samanportable.com/product-category/portable-toilet/,C13 Portable Toilet,REDIRECT
https://www.samanportable.com/portable-toilet-cabin-price,https://www.samanportable.com/product-category/portable-toilet/,C13 Portable Toilet,REDIRECT
https://www.samanportable.com/portable-toilet-cabins-solutions,https://www.samanportable.com/product-category/portable-toilet/,C13 Portable Toilet,REDIRECT
https://www.samanportable.com/uses-of-portable-toilet-cabins,https://www.samanportable.com/product-category/portable-toilet/,C13 Portable Toilet,REDIRECT
https://www.samanportable.com/15-reasons-to-choose-prefab-warehouses,https://www.samanportable.com/product-category/industrial-sheds/,C8 Industrial Shed,REDIRECT
https://www.samanportable.com/advantages-of-pre-engineered-metal-buildings,https://www.samanportable.com/product-category/industrial-sheds/,C8 Industrial Shed,REDIRECT
https://www.samanportable.com/foldable-storage-sheds-the-ultimate-guide,https://www.samanportable.com/product-category/industrial-sheds/,C8 Industrial Shed,REDIRECT
https://www.samanportable.com/industrial-temporary-buildings,https://www.samanportable.com/product-category/industrial-sheds/,C8 Industrial Shed,REDIRECT
https://www.samanportable.com/metal-building-manufacturers,https://www.samanportable.com/product-category/industrial-sheds/,C8 Industrial Shed,REDIRECT
https://www.samanportable.com/outdoor-portable-storage-sheds-guide-2024,https://www.samanportable.com/product-category/industrial-sheds/,C8 Industrial Shed,REDIRECT
https://www.samanportable.com/peb-industrial-shed-cost,https://www.samanportable.com/product-category/industrial-sheds/,C8 Industrial Shed,REDIRECT
https://www.samanportable.com/peb-warehouse-cost,https://www.samanportable.com/product-category/industrial-sheds/,C8 Industrial Shed,REDIRECT
https://www.samanportable.com/peb-warehouses,https://www.samanportable.com/product-category/industrial-sheds/,C8 Industrial Shed,REDIRECT
https://www.samanportable.com/portable-car-parking-shed,https://www.samanportable.com/product-category/industrial-sheds/,C8 Industrial Shed,REDIRECT
https://www.samanportable.com/portable-storage-sheds-for-sale,https://www.samanportable.com/product-category/industrial-sheds/,C8 Industrial Shed,REDIRECT
https://www.samanportable.com/portable-storage-sheds-guide-2024,https://www.samanportable.com/product-category/industrial-sheds/,C8 Industrial Shed,REDIRECT
https://www.samanportable.com/pre-engineered-warehouses,https://www.samanportable.com/product-category/industrial-sheds/,C8 Industrial Shed,REDIRECT
https://www.samanportable.com/prefab-metal-buildings,https://www.samanportable.com/product-category/industrial-sheds/,C8 Industrial Shed,REDIRECT
https://www.samanportable.com/prefabricated-metal-buildings,https://www.samanportable.com/product-category/industrial-sheds/,C8 Industrial Shed,REDIRECT
https://www.samanportable.com/temporary-storage-shed,https://www.samanportable.com/product-category/industrial-sheds/,C8 Industrial Shed,REDIRECT
https://www.samanportable.com/use-and-benefits-of-prefab-warehouses,https://www.samanportable.com/product-category/industrial-sheds/,C8 Industrial Shed,REDIRECT
https://www.samanportable.com/cabin-for-security-guard-features,https://www.samanportable.com/product-category/security-cabins/,C14 Security Cabin,REDIRECT
https://www.samanportable.com/fiber-security-cabin,https://www.samanportable.com/product-category/security-cabins/,C14 Security Cabin,REDIRECT
https://www.samanportable.com/frp-portable-security-cabin,https://www.samanportable.com/product-category/security-cabins/,C14 Security Cabin,REDIRECT
https://www.samanportable.com/frp-security-cabin,https://www.samanportable.com/product-category/security-cabins/,C14 Security Cabin,REDIRECT
https://www.samanportable.com/frp-security-cabin-2,https://www.samanportable.com/product-category/security-cabins/,C14 Security Cabin,REDIRECT
https://www.samanportable.com/frp-security-cabin-price,https://www.samanportable.com/product-category/security-cabins/,C14 Security Cabin,REDIRECT
https://www.samanportable.com/guard-cabin-price,https://www.samanportable.com/product-category/security-cabins/,C14 Security Cabin,REDIRECT
https://www.samanportable.com/modular-security-cabin,https://www.samanportable.com/product-category/security-cabins/,C14 Security Cabin,REDIRECT
https://www.samanportable.com/movable-security-cabins,https://www.samanportable.com/product-category/security-cabins/,C14 Security Cabin,REDIRECT
https://www.samanportable.com/portable-guard-room-security-cabin,https://www.samanportable.com/product-category/security-cabins/,C14 Security Cabin,REDIRECT
https://www.samanportable.com/prefab-security-cabin,https://www.samanportable.com/product-category/security-cabins/,C14 Security Cabin,REDIRECT
https://www.samanportable.com/security-cabin-price,https://www.samanportable.com/product-category/security-cabins/,C14 Security Cabin,REDIRECT
https://www.samanportable.com/security-cabins-for-sale,https://www.samanportable.com/product-category/security-cabins/,C14 Security Cabin,REDIRECT
https://www.samanportable.com/top-portable-security-cabin-solutions-guide,https://www.samanportable.com/product-category/security-cabins/,C14 Security Cabin,REDIRECT
https://www.samanportable.com/top-security-cabins-solutions,https://www.samanportable.com/product-category/security-cabins/,C14 Security Cabin,REDIRECT